{
	"LAMMPS": {
		"LAMMPS": -1,
		"GROMACS": 1.5418486075,
		"HOOMD": 1.0624745624999998,
		"QMCPACK": 1.0886105985,
		"CNN": 1.1139793538,
		"Googlenet": 1.0698412695,
		"Alexnet": 1.0796560398,
		"vgg16": 1.1676104272999999,
		"vgg11": 1.1670813267999998,
		"classification": 1.0401698278000002,
		"multiout": 1.0665663267,
		"regression": 1.031903328
	},
	"GROMACS": {
		"LAMMPS": 1.248119332,
		"GROMACS": 1.6511888111999997,
		"HOOMD": 1.1463155364,
		"QMCPACK": 1.2180875645,
		"CNN": 1.1822377619000002,
		"Googlenet": 1.1600554998000001,
		"Alexnet": 1.1467132868,
		"vgg16": 1.2333100233,
		"vgg11": 1.2367832168000004,
		"classification": 1.081819622,
		"multiout": 1.1169657975,
		"regression": 1.1127392743999998
	},
	"HOOMD": {
		"LAMMPS": 1.0349626292,
		"GROMACS": 1.5628614817000002,
		"HOOMD": 1.9405527773,
		"QMCPACK": 1.0855205303,
		"CNN": 1.9067944645000001,
		"Googlenet": 1.8453196843000002,
		"Alexnet": 1.7989979569999999,
		"vgg16": 1.9510417475999997,
		"vgg11": 1.8715369886000002,
		"classification": 1.0794758625,
		"multiout": 1.0925452397000002,
		"regression": 1.0966960938999997
	},
	"QMCPACK": {
		"LAMMPS": 1.6042105261999997,
		"GROMACS": 2.6098655606000003,
		"HOOMD": 2.3998398170999997,
		"QMCPACK": 1.6247553396,
		"CNN": 2.7559038903,
		"Googlenet": 2.4506798249,
		"Alexnet": 2.5014700783999997,
		"vgg16": -1,
		"vgg11": -1,
		"classification": 1.185789474,
		"multiout": 1.1700228833,
		"regression": 1.1747368422
	},
	"CNN": {
		"LAMMPS": 1.1408622818,
		"GROMACS": 1.5821547095,
		"HOOMD": 1.7280350879999997,
		"QMCPACK": 1.1410027088999999,
		"CNN": 1.8675789470999997,
		"Googlenet": 1.7273967992000003,
		"Alexnet": 1.7186216796,
		"vgg16": 1.9038919771999996,
		"vgg11": 1.7567861690000002,
		"classification": 1.1033839864,
		"multiout": 1.0798915472,
		"regression": 1.1091564785
	},
	"Googlenet": {
		"LAMMPS": 1.1316900566,
		"GROMACS": 1.6101191696000001,
		"HOOMD": 1.9872649018000001,
		"QMCPACK": 1.1154454087,
		"CNN": 1.9921257909,
		"Googlenet": 1.97020558,
		"Alexnet": 1.9257530588000003,
		"vgg16": 2.1480337082,
		"vgg11": 2.0651515151,
		"classification": 1.0948674251,
		"multiout": 1.0916254394,
		"regression": 1.1078828345
	},
	"Alexnet": {
		"LAMMPS": 1.1397126834000002,
		"GROMACS": 1.6451863335999999,
		"HOOMD": 1.8543530663999999,
		"QMCPACK": 1.1161102861,
		"CNN": 1.9162105741999997,
		"Googlenet": 1.8721014244000003,
		"Alexnet": 1.8064820222000002,
		"vgg16": 2.1069456625,
		"vgg11": 1.9841879703,
		"classification": 1.0815658134,
		"multiout": 1.0961487406000001,
		"regression": 1.1010645581
	},
	"vgg16": {
		"LAMMPS": 1.1237652696,
		"GROMACS": 1.6221313493,
		"HOOMD": 1.8395815612,
		"QMCPACK": -1,
		"CNN": 1.9414242914,
		"Googlenet": 1.8358700758000002,
		"Alexnet": 1.7864737399,
		"vgg16": -1,
		"vgg11": -1,
		"classification": 1.1082078005,
		"multiout": 1.1019225594,
		"regression": 1.1102523967000002
	},
	"vgg11": {
		"LAMMPS": 1.1064143566,
		"GROMACS": 1.5878913452999999,
		"HOOMD": 1.9753383629999999,
		"QMCPACK": -1,
		"CNN": 1.9539089017999995,
		"Googlenet": 1.993411892,
		"Alexnet": 1.9000832316,
		"vgg16": -1,
		"vgg11": 2.0025684635000003,
		"classification": 1.0987741158,
		"multiout": 1.0943771884,
		"regression": 1.1100374781000002
	},
	"classification": {
		"LAMMPS": 1.0325010219999997,
		"GROMACS": 1.8615729506,
		"HOOMD": 1.9877933759000002,
		"QMCPACK": 1.0540611686999999,
		"CNN": 2.2012539186,
		"Googlenet": 1.7977489667,
		"Alexnet": 1.8595274218,
		"vgg16": 2.0683385584,
		"vgg11": 1.8436181912000003,
		"classification": 1.023378288,
		"multiout": 1.0218627617,
		"regression": 1.0100817772
	},
	"multiout": {
		"LAMMPS": 1.0211299674999998,
		"GROMACS": 1.9805425136,
		"HOOMD": 2.0231931372,
		"QMCPACK": 1.0977220483,
		"CNN": 2.3336934074999993,
		"Googlenet": 1.9607154319999995,
		"Alexnet": 1.9832889762,
		"vgg16": 2.3497366064999996,
		"vgg11": 2.1088998433,
		"classification": 1.0681637355000002,
		"multiout": 1.0856159421,
		"regression": 1.0248501874999998
	},
	"regression": {
		"LAMMPS": 1.0066035164999998,
		"GROMACS": 2.2826449279000003,
		"HOOMD": 2.1108695649,
		"QMCPACK": 1.0481711622,
		"CNN": 2.451755405,
		"Googlenet": 2.0760183063000004,
		"Alexnet": 2.1168478262,
		"vgg16": 2.3977173911999996,
		"vgg11": 2.1907427536,
		"classification": 1.0255409615,
		"multiout": 1.0399771167000003,
		"regression": 1.008695652
	}
}