{
	"LAMMPS": {
		"LAMMPS": -1,
		"GROMACS": 1.313979361288101,
		"HOOMD": 1.6606944624022109,
		"QMCPACK": 1.1377581936198755,
		"CNN": 1.2780848624506165,
		"Googlenet": 1.1679749257521372,
		"Alexnet": 0.9637834886898196,
		"vgg16": 1.133488447269146,
		"vgg11": 1.0747415428262062
	},
	"GROMACS": {
		"LAMMPS": 0.9638610501905345,
		"GROMACS": 1.329108997725712,
		"HOOMD": 1.6758240988398219,
		"QMCPACK": 1.1528878300574865,
		"CNN": 1.2932144988882275,
		"Googlenet": 1.1831045621897482,
		"Alexnet": 0.9789131251274306,
		"vgg16": 1.148618083706757,
		"vgg11": 1.0898711792638172
	},
	"HOOMD": {
		"LAMMPS": 1.0080786388262273,
		"GROMACS": 1.3733265863614048,
		"HOOMD": 1.7200416874755147,
		"QMCPACK": 1.1971054186931793,
		"CNN": 1.3374320875239203,
		"Googlenet": 1.227322150825441,
		"Alexnet": 1.0231307137631234,
		"vgg16": 1.1928356723424498,
		"vgg11": 1.13408876789951
	},
	"QMCPACK": {
		"LAMMPS": 1.4479061436564002,
		"GROMACS": 1.8131540911915776,
		"HOOMD": 2.1598691923056874,
		"QMCPACK": 1.6369329235233516,
		"CNN": 1.777259592354093,
		"Googlenet": 1.6671496556556136,
		"Alexnet": 1.462958218593296,
		"vgg16": 1.6326631771726223,
		"vgg11": 1.5739162727296825
	},
	"CNN": {
		"LAMMPS": 0.9257994894873418,
		"GROMACS": 1.291047437022519,
		"HOOMD": 1.6377625381366288,
		"QMCPACK": 1.1148262693542934,
		"CNN": 1.2551529381850344,
		"Googlenet": 1.1450430014865556,
		"Alexnet": 0.9408515644242383,
		"vgg16": -1,
		"vgg11": 1.051809618560625
	},
	"Googlenet": {
		"LAMMPS": 1.0055128824051875,
		"GROMACS": 1.370760829940365,
		"HOOMD": 1.717475931054475,
		"QMCPACK": 1.1945396622721396,
		"CNN": 1.334866331102881,
		"Googlenet": 1.2247563944044013,
		"Alexnet": 1.020564957342084,
		"vgg16": 1.19026991592141,
		"vgg11": 1.1315230114784707
	},
	"Alexnet": {
		"LAMMPS": 0.9609850784345717,
		"GROMACS": 1.3262330259697488,
		"HOOMD": 1.6729481270838586,
		"QMCPACK": 1.1500118583015233,
		"CNN": 1.2903385271322643,
		"Googlenet": 1.180228590433785,
		"Alexnet": 0.9760371533714682,
		"vgg16": 1.1457421119507938,
		"vgg11": 1.0869952075078548
	},
	"vgg16": {
		"LAMMPS": 1.0062701121758857,
		"GROMACS": 1.3715180597110628,
		"HOOMD": 1.718233160825173,
		"QMCPACK": 1.1952968920428377,
		"CNN": -1,
		"Googlenet": 1.225513624175099,
		"Alexnet": 1.0213221871127818,
		"vgg16": 1.1910271456921082,
		"vgg11": -1
	},
	"vgg11": {
		"LAMMPS": 0.9744371283111981,
		"GROMACS": 1.3396850758463756,
		"HOOMD": 1.6864001769604855,
		"QMCPACK": 1.1634639081781502,
		"CNN": 1.3037905770088916,
		"Googlenet": 1.1936806403104119,
		"Alexnet": 0.9894892032480946,
		"vgg16": -1,
		"vgg11": 1.1004472573844812
	}
}